Feature,Importance
Amount,0.45567681112716985
Hour,0.2907986514195283
Location,0.16056324366412006
Category,0.05541612446223355
Source,0.03754516932694829
